id,name,email,username,password,date_birth,status
1,Concha Samper Girona,martina50@example.com,cortesolivia,MdK*ukbdlR9K,1973-12-22,active
2,Tiburcio Pol Lasa,bautistaariadna@example.com,molinsluis,+&11Pgj45Mhx,1981-07-30,delinquent
3,Valeria Peláez Pozo,arandaamada@example.com,leon94,R$2YYgbi!j8!,1966-01-25,delinquent
4,Vicenta Nuñez Gargallo,jaenascension@example.com,rivasnidia,^#u9g8IqQ7x9,1957-09-07,active
5,Nydia Figuerola Nebot,noacastillo@example.net,rmorera,ws5CgJ^Fj%yr,1963-02-04,suspended
6,Conrado Palacio Solano,herminiogabaldon@example.net,alberolaeusebia,nBQM0W+wE6@G,1956-02-11,inactive
7,Lalo Marquez Tovar,isaura96@example.net,javier63,s_$pNQgcCqf0,1955-05-28,delinquent
8,Lázaro Pedro Marti,alfredo30@example.net,reyes21,(pO6og^Tv3uy,1961-06-20,active
9,Carmen Conde Borrego,cuevasnereida@example.org,poncio86,@eg5H6l$%xT4,1968-08-06,active
10,Rafael Calvet Aller,santiagomiro@example.net,liliataboada,x0r0uH#P#6Ek,1994-01-05,delinquent
11,Ruy Amo Padilla,bferrero@example.com,juansantamaria,Wa_9Vfi6@c2C,1984-11-21,delinquent
12,Ignacio Benavides-Batalla,marcelinomora@example.com,feliciatejero,L^4JwxEhcARz,1962-12-12,inactive
13,Eligia Quero Montesinos,tcanet@example.net,barroscesar,9#Jy81QkegN8,2008-02-06,inactive
14,Lázaro Bonet Ferrándiz,gabrielbaeza@example.com,apolonia40,A#AAitWkYvM8,1992-02-20,delinquent
15,Ágata Bellido Solano,yago60@example.com,nicomarmol,kM)lB#mGY&W8,1996-08-20,delinquent
16,Juanito Ballester Maza,teobaldo96@example.net,ruizbibiana,+*9RtmAtcuS7,1976-09-01,delinquent
17,Trinidad Solano Tejada,pelayograciela@example.org,noeliarocha,_uABPWbeE1!A,1977-06-07,inactive
18,Gema Sobrino,torralbapepe@example.org,claudiamateo,37XAZrHS#k7n,1987-09-13,suspended
19,Carmina Abascal Reina,alejandrobarreda@example.net,leonpascual,(y#uNnFdM64H,1955-01-16,delinquent
20,Sofía Belén Rosales Rodríguez,curropalma@example.net,oscartejedor,_RJrI3IeQF_5,1954-07-01,active
21,Andrés de Valera,juan-josecornejo@example.com,flaviolucas,#)q3S+fFl6n7,1965-09-13,suspended
22,Espiridión Santamaría-Carro,gpujadas@example.org,albaesparza,N11CtaALj*76,1992-09-05,inactive
23,Elías Ramis Fabregat,zarjona@example.org,irisdaza,70LQd@$A)0Zg,1975-11-10,active
24,Jose Luis Rios-Ballesteros,gcabeza@example.org,cocacelia,Y+8Tc1lqjO*!,1990-04-19,delinquent
25,Eduardo Águila Santamaría,magdalena35@example.net,frutospablo,_C*D&8Ja%hvW,2005-07-29,active
26,José Mari Neira Barco,ssegarra@example.net,valentinmiguela,^)L9RQmuEhBe,1954-08-14,active
27,Selena Pujol Chaves,eveliarosell@example.com,chuyjover,V88ExiyP!BWh,1981-02-19,inactive
28,Toribio de Santamaria,aguadobalduino@example.org,juan-franciscoricart,Y0fW(h0)rSb!,1985-05-01,active
29,Artemio Noguera,vtamarit@example.org,boadasancho,(F7HvYql5slr,1989-04-13,suspended
30,Leticia del Beltran,pomboraquel@example.org,umontesinos,r2rffx!S&uML,2000-11-11,inactive
31,Elías Olmo,merchecarbo@example.org,waragon,f2IYKp2z^p_^,1962-05-29,delinquent
32,Urbano del Arévalo,mmerino@example.com,banoscornelio,x!GAOwuwWq0y,1981-09-27,active
33,Francisco Duque Palacio,valentinsantiago@example.org,felix50,2aBD0ni7_Umo,1982-08-15,delinquent
34,Eustaquio Prats Roura,lmendez@example.net,ferrandoadoracion,Lp1^fJXs_AXr,1996-10-28,active
35,Silvio Pacheco Tudela,luis-miguel53@example.com,jcarnero,$sshYu$@kf51,1984-11-18,inactive
36,Lino de Casas,ponssocorro@example.com,iduran,%jh&Wd&_E9GN,1990-03-14,delinquent
37,Ofelia Segarra Marí,qayllon@example.net,herberto94,+29+dPUcl(pg,1993-05-11,active
38,Valero Agustín Lledó Conde,serranoleticia@example.org,sblanco,!m+8X1Ad4g7T,1978-04-04,suspended
39,Alfonso Agullo Vilaplana,xvall@example.org,natanael22,9p*wSflBr94y,1962-05-30,inactive
40,Ruben Bernabé Tur Hervia,piquerariel@example.org,bastidateo,_*1Gz36&581S,1992-09-02,active
41,Graciela Colomer Bonilla,cifuentesalejo@example.org,lalcaraz,d6@JskLcS)Qu,1999-03-29,delinquent
42,Gema Seguí Clavero,lnunez@example.org,ramonapalomar,*9wLvC*Sp%4R,1986-10-15,delinquent
43,Emiliano Bellido Cámara,zaira10@example.org,torreaitor,rP5JUsZpl&5f,1998-01-02,active
44,Luz Marcos Larrañaga,portageorgina@example.com,ruedaelba,$!zn8Tw8Mj@3,1999-05-21,inactive
45,Florentino Agullo Verdú,sigfrido55@example.com,carmela84,D))ohVa%n#o1,1996-10-28,suspended
46,Jose Jacinto Salamanca Valenciano,nbarros@example.com,jaimemontesinos,py7&aBLtp&#2,2002-11-29,active
47,Blas Teruel Gabaldón,ealeman@example.com,bgascon,#$w2CPlsyo4p,1968-04-28,suspended
48,Begoña Porta,jbas@example.net,cesarcorominas,zcD3pO^RC_f&,1957-02-18,suspended
49,Lorenzo Alberola Suarez,hectorarranz@example.org,eleuterio73,Z@pU1&e$GP%_,1969-06-07,active
50,Silvestre Leandro Nebot Alegre,scolom@example.org,almudena34,)rQFTySr)F7$,1961-09-13,delinquent
51,Alicia Cortina Álvaro,calberola@example.org,salvadoraranzazu,*rc3h^Jkk$R1,1998-09-20,inactive
52,Florentina Luz Canet,marquezestefania@example.org,raquelcarretero,)zWARnsvp0DL,1983-05-13,inactive
53,Palmira Reig Nicolau,sgonzalez@example.com,consuelocuenca,k59cLFub(Ffi,1968-09-26,suspended
54,Manuel Oliva Batlle,aroa01@example.org,remedios23,x01zr2J#+TVj,2006-04-08,inactive
55,Cebrián Agustín Samper Salvà,griseldaribera@example.net,wcuenca,&TB4yRve2tAu,1983-11-12,suspended
56,Irma del Pera,gutierrezrafael@example.net,andres-felipeperalta,Lh2mMsGjJ_71,1954-01-19,inactive
57,Mariana de Guardiola,itapia@example.com,jose17,gV83KdF0(+gy,1970-03-14,inactive
58,Gerónimo Flores Ferrer,iniestaambar@example.org,guiomarmarques,Z34nO1Kb^qOl,2007-05-08,delinquent
59,Ramona Vilalta Saura,rosalva51@example.org,solanofito,$^i7dWaF0Z43,2007-12-04,active
60,Sosimo de Carretero,narciso83@example.org,nerealasa,)A5x#2Fa8+$v,1957-06-03,delinquent
61,Alberto Asenjo Llabrés,curena@example.net,eugeniaayllon,+cc9uYhzE_oR,2006-07-01,active
62,Pepe Báez Pedrosa,eustaquio45@example.com,requenaasuncion,*SW6J%JdRaX#,1991-11-06,delinquent
63,Félix Clavero Larrañaga,ksevillano@example.org,candelasroman,QKb9NDwnl)vK,1966-08-20,delinquent
64,Nuria Alegria Bou,azeneth43@example.com,linoaviles,u#sVQThX@l8i,1964-02-16,inactive
65,Mónica Mayol Naranjo,valeriablanco@example.org,maciaspaloma,XZ5JF$vwZ)fW,1977-03-14,suspended
66,Heraclio del Ramos,mireiamate@example.com,cuetofausto,)KUh1HpgqP6F,1999-07-25,active
67,Rafaela Bautista,xbilbao@example.org,hurtadonerea,Q@UDJL1dh@b6,1997-01-30,active
68,Rosalinda Samper Toledo,garcesfelisa@example.org,teresa64,p305H3Iig!xG,1973-12-12,suspended
69,Jesusa Pellicer,zmayol@example.net,timoteo19,+tXuH)WcV4ME,1955-08-30,delinquent
70,Rufina Osorio,nataliomarino@example.com,uaramburu,2Vj1MrlZAT+k,2005-02-11,delinquent
71,Narciso Bayón Cisneros,anselmotorres@example.com,marianela01,*$lv3KCtrI+b,1967-03-21,active
72,Ámbar del Español,cecilia11@example.org,bsalvador,_*jQ2ZFtI*4z,2005-02-20,delinquent
73,Camila Lledó Zamora,clementina50@example.com,norbertoacuna,y0Ugmq$u+UAA,1953-01-26,suspended
74,Godofredo Ortiz-Barroso,rosarioserrano@example.net,vilma41,v&oh$@Xla08f,1956-01-17,inactive
75,Angelino Salazar,maria-jose32@example.org,maria-dolores58,@$P$8t7pEKDL,1996-10-27,active
76,Calixto Carretero Amor,vsabater@example.net,maricelacal,dt@_fh5f97%C,1996-09-16,active
77,Aurora Mosquera-Lastra,fabioplana@example.com,dariotena,B7DzAYsM*8cn,1995-08-23,suspended
78,Socorro Ramis,ramiropaez@example.net,isaacreguera,$ACD0Nfgz1h9,1954-03-24,delinquent
79,Flavia Miró Garriga,nietodonato@example.com,eloynadal,jM70Shbgi!94,2005-01-04,delinquent
80,Gustavo Valencia Porcel,expositoalejandra@example.org,mariacervantes,(9mCt8E1RZ6%,2001-04-29,delinquent
81,Natividad Salas Julián,jesusacabanillas@example.net,alexfigueroa,(5aTr_tZu#1m,1992-06-08,active
82,Eutimio Fidel Gil Pedro,moraangelita@example.com,imas,&ryAQCSegD1v,1961-06-07,inactive
83,Odalys Benavente Gutiérrez,rubenyuste@example.net,iandreu,h+gZURwo2h06,1978-03-14,suspended
84,Daniel Costa Jurado,rebecaaragones@example.net,cortesmaria,^%8TmzNF!!BJ,1970-09-23,inactive
85,Anita Malo Gascón,panfiloripoll@example.com,jovefanny,*e0+C1ywu@20,1978-05-09,suspended
86,Rosalinda Imelda Molina Salazar,garzonmelchor@example.com,marcoconsuela,LXCHM#!j)B98,1983-09-28,inactive
87,Susana Jiménez Aroca,liliana99@example.com,rluz,*3uHzH(m@SCn,1975-11-11,active
88,Agustina Giménez Torrecilla,conrado03@example.com,jordillamas,8%EVagFcT#&9,1994-02-02,suspended
89,Juan Francisco Toni Barriga Egea,nazaretnoguera@example.org,garcesjaviera,!8yO&tj88$YL,1956-12-28,inactive
90,Manuela Mascaró Quero,bnoguera@example.net,octaviariba,$n59Cosuj+Sz,2002-08-24,delinquent
91,Azahar Falcó Armas,ruy51@example.org,echevarriaamor,$QXG0YqiE80X,2002-10-29,delinquent
92,Fito Novoa-Torrents,kbonilla@example.net,titoguerra,PZm!0HUbHVur,1973-05-19,delinquent
93,Tadeo Nicolau Pedrero,cgordillo@example.com,trinidad11,#w8S$_qBZ%E2,1970-07-31,delinquent
94,Valeria Armida Sosa Bustos,osvaldo87@example.net,eva13,^03t%Gg_f%F0,1970-09-26,inactive
95,Marc Palma Marco,delfinacueto@example.org,qmontes,hhggH5aqk#(9,1956-10-13,suspended
96,Paco Sancho Moreno Moll,isauramosquera@example.com,silviaoliva,hV+BgpKmn!76,1999-10-12,suspended
97,Édgar de Ponce,reynabaro@example.com,pfeijoo,++7%(&Xa$v7!,1968-07-20,inactive
98,Cruz del Poza,milagros68@example.org,arturocarreras,*!6Esl)MDdvv,1988-03-25,suspended
99,Arturo Amigó Arana,allano@example.org,wordonez,z&(6RmzGrau+,1973-06-04,delinquent
100,Cristina Alcántara Cobos,benjamincamacho@example.org,mmartorell,nFug)PX+$0fX,1994-06-12,inactive
101,René Victoriano Taboada Crespi,abigailmontana@example.org,bartolome60,)8INpp0hGSIH,2007-05-08,suspended
102,Paca Gil Vera,melisasoria@example.net,atejero,l(N1U!+qXY4k,1996-09-13,inactive
103,María José Calderón Guillén,paulinogaray@example.org,anirivera,LJlIqg)y&Q7#,1970-03-28,delinquent
104,Clementina Solsona Viñas,riberaisidoro@example.net,soledadprado,(_hSJGss2YD&,1971-05-14,inactive
105,Íñigo Calvet-Castelló,verdusara@example.net,adalbertogarcia,+D0Q2pB5+1Dd,2003-09-25,delinquent
106,Domingo Infante Velázquez,ruperto43@example.com,pavonnacho,Q)F9Mn#I_7Jc,1990-09-05,delinquent
107,Adelaida Gabaldón Palomo,jesusaangulo@example.org,valeria63,#PJ2CrWhy6K9,1967-12-21,active
108,Eligia Peñas,ramon05@example.com,amayavinas,MT6suQzkTT@S,1966-02-10,inactive
109,Ricarda Morata-Toro,matilde20@example.org,nborrego,g70WhYNR(42Y,1978-04-27,suspended
110,Jacobo Villaverde-Silva,toroevangelina@example.org,jose-manuel24,gg@Fba@#!s9P,1971-05-11,delinquent
111,Catalina del Haro,francisco-javier77@example.net,marina48,cr8jJvZ(D%0t,1962-03-05,active
112,Rosa María Vendrell Romero,gpizarro@example.net,alberoartemio,*3i6Zzbt)Y3k,1972-12-31,active
113,Sarita Amat-Grande,jose-angel87@example.org,regulo25,$qRdHGZju#5X,1951-06-29,suspended
114,Ale Hierro Domínguez,nicanor68@example.org,ester20,k+B#d1WvH*)(,1965-11-21,suspended
115,Encarnación Imelda Lastra Lledó,anibalgarrido@example.org,somozaperla,%2BM6syKFm#2,1974-11-15,inactive
116,Gerónimo Bernad Vega,salvadorlino@example.com,joan99,8ONcRmTJHp_2,2001-03-04,delinquent
117,Dani Carrera Marquez,pujadasabigail@example.net,romanmaricruz,7H76lZcyX@BO,1980-04-16,suspended
118,Natividad Rubio-Criado,albinopablo@example.com,oliviamanrique,*9Vl9GVobo+8,2008-02-14,delinquent
119,Eufemia Moliner Mateo,carolina33@example.net,falconjonatan,)_vVLz2pd2cd,1978-01-23,delinquent
120,Carlota Olivares-Lladó,roberta20@example.net,gomezalejandro,%(_OkSjJ!DT4,1972-01-22,delinquent
121,Malena Vera Nadal Cabanillas,jenarocastillo@example.net,mmilla,^g3VqzzvTBwZ,1971-05-26,delinquent
122,Victor Manuel Cózar Requena,fontines@example.net,lina53,%bfuwygbf3F@,1967-11-02,suspended
123,Esteban Conde Verdú,alvarezguadalupe@example.com,jeremiascuesta,&IbUkAGc0827,1970-05-02,suspended
124,Manu Román Segovia,earnau@example.com,leyre27,RcM#Q5Z@@3gs,1959-02-05,active
125,Héctor Expósito-Leiva,mrodriguez@example.net,trinidad63,Pq04rBGOzb^U,1964-12-25,inactive
126,Encarna de Miró,cayetanaroma@example.com,lopezcarlos,N)3VZD)YTbEH,2001-05-11,active
127,Benita Alonso Muñoz,landajose-angel@example.org,jennifer66,j+0DCHkf+5_Y,1973-05-21,active
128,Anselmo del Echeverría,kamigo@example.net,xtovar,#JVu!_Ad$q7S,1979-04-17,active
129,Ismael Pardo Naranjo,vpulido@example.net,juan-jose40,62A!bNnu$r#A,1972-11-29,active
130,Ale Puig,rpellicer@example.net,farribas,$0SfluFr@oR8,1988-01-26,inactive
131,Marcela Mosquera Palomar,vargascruz@example.com,cuellaronofre,IR3Plr1ks(0K,1993-03-24,active
132,Ani Amat Garriga,leocadio01@example.net,mamenalcala,I8iU9ikj^23(,1961-10-30,delinquent
133,José Ángel Barón Rojas,mtapia@example.org,sdavila,*R(ahOTd3Q*u,1964-01-27,active
134,Victoriano Nicolás Olivé,wroman@example.org,petrona94,w2_vSEYgNi7#,2001-04-23,suspended
135,Artemio Vicente Hidalgo,jose-antoniotalavera@example.com,iborrafeliciana,VlyZKZng&_4b,2001-07-21,suspended
136,Reynaldo Moles,josefortuny@example.org,oduenas,)bAsEogeP9Bl,1993-08-06,delinquent
137,Rómulo Collado Haro,juan55@example.net,candelaria13,wh+)2_#$&3dF,1956-04-26,delinquent
138,Leonardo Galan Montalbán,dcanales@example.org,urbanonavarrete,3J5NfpTc)UiM,1987-05-07,delinquent
139,Elpidio Carvajal Merino,cesar68@example.org,maria-cristina79,G6VDSUQn3$9w,2005-05-08,inactive
140,Che Espejo Sevillano,clarisacontreras@example.com,zsosa,C@FaY&yf)16#,1972-01-27,inactive
141,Ofelia Fernandez Asensio,adelalosada@example.com,nbanos,k#qMu2rE)5u%,1981-01-03,inactive
142,Florentina Daniela Cardona Baeza,fidela79@example.org,domingojose-mari,%c7ceFzZ6UzL,1968-11-14,inactive
143,Florentino González Garcés,azconaluis@example.net,martinernesto,^3AE(Gkvszxh,1950-12-04,inactive
144,Brunilda Villanueva Castillo,porcelprudencia@example.org,bfalcon,LiyrxRjiRv%4,1955-05-12,inactive
145,Evangelina Ríos Roldan,heribertohuguet@example.com,valentingil,R)5W%pJI(bB),1957-06-28,delinquent
146,Azahar del Mínguez,primitiva95@example.net,ramona89,Hv&5ODfv_1Uk,2005-03-18,inactive
147,Telmo Navarro Marín,uayllon@example.org,valero88,&EBnVLz+f9O!,1965-11-14,delinquent
148,Régulo Losada Torralba,eulaliabermejo@example.com,doritapedraza,BDJ8#FpZl8h@,1992-01-17,suspended
149,María Del Carmen Soto Pedro,nidia51@example.net,ucerdan,3$6vUdTyXh5b,1960-09-06,suspended
150,Roberta Bayón-Díez,felipa88@example.org,farmengol,@m6$Df9X&$C4,1953-09-22,active
151,Valeria Salamanca Galán,bruhugo@example.org,jandres,&2LBJBkV7DET,1953-04-18,inactive
152,Mariana Carballo Requena,cristobal41@example.org,maria-belenarregui,+keVeAXta3iA,1965-10-27,inactive
153,Lupe Ballester,ceferinoanguita@example.org,marc10,7$FX!^Te(C4t,1993-01-03,suspended
154,Juanita Mariscal Larrea,rgiralt@example.org,guillermo17,Gbj5@U*40(b8,2000-05-03,suspended
155,Ulises Aguilera Casado,german16@example.org,natalia77,&7K+s8zi3eDH,1994-02-06,active
156,Natividad Pulido,valerapaulina@example.org,ojordan,t0Kdu#Ah15H#,1996-05-26,suspended
157,Sandra Lina Isern Lucas,rivasruperto@example.net,naciocanales,9kJ0RAyS*0A%,1991-04-10,active
158,Josué Menéndez,armandogiralt@example.net,rebollobaltasar,so@!LfzRC1H2,1975-11-06,suspended
159,Maribel Machado Diéguez,susananoriega@example.com,jimena66,_C9%LCcoh1S),1966-11-10,inactive
160,Emilia Gascón Valentín,aurora91@example.com,marianogibert,alkQRD@S)6CE,2004-09-08,delinquent
161,Sabas Angulo Barranco,fortunyamando@example.org,rcatalan,1&NE#U*u@2EP,2000-08-03,suspended
162,Delia de Saez,ucastro@example.com,proma,*#LV_OlmPz&7,1994-02-11,inactive
163,Santiago Tudela Batalla,barraganvidal@example.com,cayetanaarco,IA2#Au$be$uM,2007-09-20,active
164,Perla Correa Ayuso,berrocallazaro@example.net,carminamuniz,70nOKZCgU*8(,1994-05-12,delinquent
165,Isidro Hernando Coll,zaira50@example.com,aguilaroberta,3E#ETJdRK$F3,1995-07-31,active
166,Araceli Malo Córdoba,gprats@example.net,salamancagil,&3p(8&9bu3Sl,1962-09-24,inactive
167,Isidoro Toribio Navarro Olivé,patricia75@example.com,ofeliamarcos,7P07A4Qd&qBV,1962-04-05,inactive
168,Agapito Lobo Carrera,tcastellanos@example.org,ealamo,)MXX4pQ71g^T,1969-10-05,active
169,Maricela Vall Puerta,horaciotejero@example.net,gvalero,)@NZ3(a0y6MB,1953-04-24,inactive
170,Angelita del Rocamora,segea@example.net,inoguera,kr25ye2sJ#R_,1984-12-18,delinquent
171,Rosalía Pla Bonet,ramonhumberto@example.org,smanzano,9NKpGNdgq+d8,1983-07-10,active
172,Teobaldo Gracia Reguera,zbru@example.net,fernandacarbonell,&J(TDPxXJkE1,1957-10-06,inactive
173,Emigdio Valentín,mirandahector@example.net,malegre,$CgINRWn7kp5,1981-08-06,suspended
174,Joan de Iglesia,xrios@example.com,adelaida81,Kd&kO!bQL)32,1987-10-15,delinquent
175,Juanito de Andres,luis-angel85@example.com,claverojosefina,%2Oe&n8Qt4UJ,1957-01-04,suspended
176,Clemente Mendoza Antón,alemanirene@example.com,juan-luis56,UGvsYuYS(e84,1952-08-18,suspended
177,Dorita Mónica Ugarte Baena,marinoteofila@example.org,nicodemo80,)0iaszD6vjoU,1962-01-22,inactive
178,Bartolomé Pinto-Acevedo,cmurillo@example.net,vaquerolara,)0CxJbqxUBha,1999-07-04,inactive
179,Marisela Morera Martin,ysegovia@example.net,hbosch,ys%ZgAF8%9Og,1954-02-23,active
180,Alejo Ricart-Marin,marclopez@example.net,evangelina36,B59vFfRAG_AT,1987-05-20,delinquent
181,Valero Leiva Bárcena,haromaria@example.com,uclemente,_0J8a#GyhKTt,1973-03-02,suspended
182,Arcelia Lorenzo Sales,simomaximiano@example.org,vinicio49,7kb8LgQ*@1Ee,1986-01-10,delinquent
183,Marcia Rey Palacio,parracirino@example.com,clementealcalde,12jn#Bov(F#$,2001-10-08,active
184,Juliana Aguiló Terrón,yhuguet@example.net,africapalacios,uATkpSmq^0HL,1961-12-17,inactive
185,Norberto Torralba Bárcena,dimas97@example.com,rico29,ov((0Zxffj%v,1957-12-29,suspended
186,Daniela Castillo Jerez,tgiralt@example.net,hector98,KTe614FsY%nL,1963-10-03,delinquent
187,Celso Arias Pont,cornejoloida@example.org,escuderosalomon,Y!Iiux9xRm3n,1980-05-28,inactive
188,Jose Manuel Ariza Lara,acedoreyna@example.com,jose-angelpaniagua,@cT4wLfixIR*,1978-08-13,suspended
189,Nando Rodrigo Andres Calvet,edelmirasanmiguel@example.com,tiradozacarias,#44hYwt$sxBy,1956-08-03,inactive
190,Eliseo Fuentes Abascal,jonatanmir@example.net,ale63,Vp%9#QNl9*8L,1983-03-04,suspended
191,Anita de Taboada,faustinodiez@example.com,qsegovia,)8fKI5xKAI1T,1978-06-01,delinquent
192,Montserrat Millán Diego,coboseverino@example.net,edgardo20,%wwB)0Vh72!c,1973-02-11,suspended
193,Valeria Rosado,jdiaz@example.net,venceslascuesta,U^O6K)%*rxv1,1980-05-26,suspended
194,Octavia Sola Garmendia,wgrau@example.org,vbenitez,&9F(1#Gw*b32,1987-03-18,suspended
195,Eleuterio Galiano Rubio,melerofelicia@example.org,candelaria84,%E+J0G2g1t9M,2000-04-04,delinquent
196,Nilda Antúnez-Carreño,edelmira63@example.com,maria-cristinaaguirre,qa$485Ki7h&a,1954-05-12,suspended
197,Ruy Vargas Osorio,marc53@example.com,lupeandrade,Zk#*!8SwC98D,2006-10-26,inactive
198,Encarnación Patiño Martin,mendezguillermo@example.net,lorenzojulia,Gl2r79Vy#nD6,1986-10-05,inactive
199,Ramón Valverde Araujo,asenjogabino@example.org,noamercader,T$4kp7bPK!UD,1983-10-10,inactive
200,Concha Córdoba Perez,rserna@example.net,febenoguera,#+sf@Kya0(XJ,1986-11-29,active
